{
	"info": {
		"_postman_id": "29c47067-87e6-4c92-8acf-aec1afea5ee7",
		"name": "Day 04: Authorization",
		"description": "## Instructions for Day 4: Authorization\n\n1.  **Get the challenge:** Fork the parent collection to your own public workspace.\n2.  **Read the documentation:** Select the first folder. Expand the context bar on the right to follow the instructions in the collection documentation.\n3.  **Submit your solution:** Select the second folder and follow the instructions in the documentation to validate your solution.\n\n## Learning objectives\n- Authorize API requests by using API key\n- Use an authorization helper\n- Explain inheritance regarding auth type\n- Authorize API requests by using cookies\n\n## Concepts covered\n\n*   [Authorize requests](https://learning.postman.com/docs/sending-requests/authorization/)\n*   [Inheriting Auth Details](https://youtu.be/WFiYsfSkyXE) video\n*   [Securely using API keys in Postman](https://blog.postman.com/how-to-use-api-keys/) blog\n\n## Additional resources\n\n* [Use cookies](https://learning.postman.com/docs/sending-requests/cookies/) docs\n* [Sync cookies for authentication](https://youtu.be/jfgFNw5SoUg) video",
		"schema": "https://schema.getpostman.com/json/collection/v2.1.0/collection.json",
		"_exporter_id": "29142931",
		"_collection_link": "https://www.postman.com/dtg111/workspace/esmanur-workspace/collection/29142931-29c47067-87e6-4c92-8acf-aec1afea5ee7?action=share&source=collection_link&creator=29142931"
	},
	"item": [
		{
			"name": "Authorization",
			"item": [
				{
					"name": "All Collections - header",
					"event": [
						{
							"listen": "test",
							"script": {
								"exec": [
									""
								],
								"type": "text/javascript",
								"packages": {}
							}
						}
					],
					"request": {
						"method": "GET",
						"header": [],
						"url": {
							"raw": "https://api.getpostman.com/collections",
							"protocol": "https",
							"host": [
								"api",
								"getpostman",
								"com"
							],
							"path": [
								"collections"
							],
							"query": [
								{
									"key": "name",
									"value": "<string>",
									"description": "Filter results by collections that match the given name.",
									"disabled": true
								},
								{
									"key": "workspace",
									"value": "<string>",
									"description": "A workspace ID.",
									"disabled": true
								},
								{
									"key": "limit",
									"value": "<number>",
									"description": "The maximum number of rows to return in the response.",
									"disabled": true
								},
								{
									"key": "offset",
									"value": "<number>",
									"description": "The zero-based offset of the first item to return.",
									"disabled": true
								}
							]
						},
						"description": "Gets all of your [collections](https://www.getpostman.com/docs/collections). The response includes all of your subscribed collections.\n\n**Note:**\n\nFiltering with the `name` parameter when you also pass the `limit` and `offset` parameters is not supported."
					},
					"response": [
						{
							"name": "Successful Response",
							"originalRequest": {
								"method": "GET",
								"header": [],
								"url": {
									"raw": "https://api.getpostman.com/collections",
									"protocol": "https",
									"host": [
										"api",
										"getpostman",
										"com"
									],
									"path": [
										"collections"
									]
								}
							},
							"status": "OK",
							"code": 200,
							"_postman_previewlanguage": "json",
							"header": [
								{
									"key": "Content-Type",
									"value": "application/json",
									"description": {
										"content": "",
										"type": "text/plain"
									}
								}
							],
							"cookie": [],
							"body": "{\n    \"collections\": [\n        {\n            \"id\": \"dac5eac9-148d-a32e-b76b-3edee9da28f7\",\n            \"name\": \"Cloud API\",\n            \"owner\": \"12345678\",\n            \"createdAt\": \"2022-04-12T10:29:46.000Z\",\n            \"updatedAt\": \"2022-04-12T10:29:56.000Z\",\n            \"uid\": \"12345678-dac5eac9-148d-a32e-b76b-3edee9da28f7\",\n            \"isPublic\": true\n        },\n        {\n            \"id\": \"12ece9e1-2abf-4edc-8e34-de66e74114d2\",\n            \"name\": \"Test Collection\",\n            \"owner\": \"12345678\",\n            \"createdAt\": \"2022-01-13T10:21:46.000Z\",\n            \"updatedAt\": \"2022-02-12T11:29:56.000Z\",\n            \"uid\": \"12345678-12ece9e1-2abf-4edc-8e34-de66e74114d2\",\n            \"isPublic\": false,\n            \"fork\": {\n                \"label\": \"Test Fork\",\n                \"createdAt\": \"2022-06-16T19:51:44.069Z\",\n                \"from\": \"12345678-12ece9e1-2abf-4edc-8e34-de66e74114d2\"\n            }\n        },\n        {\n            \"id\": \"f695cab7-6878-eb55-7943-ad88e1ccfd65\",\n            \"name\": \"Postman Echo\",\n            \"owner\": \"12345678\",\n            \"createdAt\": \"2021-04-11T09:18:26.000Z\",\n            \"updatedAt\": \"2022-05-01T15:29:32.000Z\",\n            \"uid\": \"12345678-f695cab7-6878-eb55-7943-ad88e1ccfd65\",\n            \"isPublic\": true\n        }\n    ]\n}"
						},
						{
							"name": "Filter by name",
							"originalRequest": {
								"method": "GET",
								"header": [],
								"url": {
									"raw": "https://api.getpostman.com/collections?name=Test Collection",
									"protocol": "https",
									"host": [
										"api",
										"getpostman",
										"com"
									],
									"path": [
										"collections"
									],
									"query": [
										{
											"key": "name",
											"value": "Test Collection"
										}
									]
								}
							},
							"status": "OK",
							"code": 200,
							"_postman_previewlanguage": "json",
							"header": [
								{
									"key": "Content-Type",
									"value": "application/json",
									"description": {
										"content": "",
										"type": "text/plain"
									}
								}
							],
							"cookie": [],
							"body": "{\n    \"collections\": [\n        {\n            \"id\": \"12ece9e1-2abf-4edc-8e34-de66e74114d2\",\n            \"name\": \"Test Collection\",\n            \"owner\": \"12345678\",\n            \"createdAt\": \"2022-01-13T10:21:46.000Z\",\n            \"updatedAt\": \"2022-02-12T11:29:56.000Z\",\n            \"uid\": \"12345678-12ece9e1-2abf-4edc-8e34-de66e74114d2\",\n            \"isPublic\": false,\n            \"fork\": {\n                \"label\": \"Test Fork\",\n                \"createdAt\": \"2022-06-16T19:51:44.069Z\",\n                \"from\": \"12345678-12ece9e1-2abf-4edc-8e34-de66e74114d2\"\n            }\n        }\n    ]\n}"
						},
						{
							"name": "Filter by Workspace",
							"originalRequest": {
								"method": "GET",
								"header": [],
								"url": {
									"raw": "https://api.getpostman.com/collections?workspace=1f0df51a-8658-4ee8-a2a1-d2567dfa09a9",
									"protocol": "https",
									"host": [
										"api",
										"getpostman",
										"com"
									],
									"path": [
										"collections"
									],
									"query": [
										{
											"key": "workspace",
											"value": "1f0df51a-8658-4ee8-a2a1-d2567dfa09a9"
										}
									]
								}
							},
							"status": "OK",
							"code": 200,
							"_postman_previewlanguage": "json",
							"header": [
								{
									"key": "Content-Type",
									"value": "application/json",
									"description": {
										"content": "",
										"type": "text/plain"
									}
								}
							],
							"cookie": [],
							"body": "{\n    \"collections\": [\n        {\n            \"id\": \"dac5eac9-148d-a32e-b76b-3edee9da28f7\",\n            \"name\": \"Cloud API\",\n            \"owner\": \"12345678\",\n            \"createdAt\": \"2022-04-12T10:29:46.000Z\",\n            \"updatedAt\": \"2022-04-12T10:29:56.000Z\",\n            \"uid\": \"12345678-dac5eac9-148d-a32e-b76b-3edee9da28f7\",\n            \"isPublic\": true\n        }\n    ]\n}"
						},
						{
							"name": "Response with Pagination",
							"originalRequest": {
								"method": "GET",
								"header": [],
								"url": {
									"raw": "https://api.getpostman.com/collections?limit=3&offset=0",
									"protocol": "https",
									"host": [
										"api",
										"getpostman",
										"com"
									],
									"path": [
										"collections"
									],
									"query": [
										{
											"key": "limit",
											"value": "3"
										},
										{
											"key": "offset",
											"value": "0"
										}
									]
								}
							},
							"status": "OK",
							"code": 200,
							"_postman_previewlanguage": "json",
							"header": [
								{
									"key": "Content-Type",
									"value": "application/json",
									"description": {
										"content": "",
										"type": "text/plain"
									}
								}
							],
							"cookie": [],
							"body": "{\n    \"collections\": [\n        {\n            \"id\": \"dac5eac9-148d-a32e-b76b-3edee9da28f7\",\n            \"name\": \"Cloud API\",\n            \"owner\": \"12345678\",\n            \"createdAt\": \"2022-04-12T10:29:46.000Z\",\n            \"updatedAt\": \"2022-04-12T10:29:56.000Z\",\n            \"uid\": \"12345678-dac5eac9-148d-a32e-b76b-3edee9da28f7\",\n            \"isPublic\": true\n        },\n        {\n            \"id\": \"12ece9e1-2abf-4edc-8e34-de66e74114d2\",\n            \"name\": \"Test Collection\",\n            \"owner\": \"12345678\",\n            \"createdAt\": \"2022-01-13T10:21:46.000Z\",\n            \"updatedAt\": \"2022-02-12T11:29:56.000Z\",\n            \"uid\": \"12345678-12ece9e1-2abf-4edc-8e34-de66e74114d2\",\n            \"isPublic\": false,\n            \"fork\": {\n                \"label\": \"Test Fork\",\n                \"createdAt\": \"2022-06-16T19:51:44.069Z\",\n                \"from\": \"12345678-12ece9e1-2abf-4edc-8e34-de66e74114d2\"\n            }\n        },\n        {\n            \"id\": \"f695cab7-6878-eb55-7943-ad88e1ccfd65\",\n            \"name\": \"Postman Echo\",\n            \"owner\": \"12345678\",\n            \"createdAt\": \"2021-04-11T09:18:26.000Z\",\n            \"updatedAt\": \"2022-05-01T15:29:32.000Z\",\n            \"uid\": \"12345678-f695cab7-6878-eb55-7943-ad88e1ccfd65\",\n            \"isPublic\": true\n        }\n    ],\n    \"meta\": {\n        \"total\": 30,\n        \"offset\": 0,\n        \"limit\": 3\n    }\n}"
						},
						{
							"name": "Invalid Workspace",
							"originalRequest": {
								"method": "GET",
								"header": [],
								"url": {
									"raw": "https://api.getpostman.com/collections?workspace=12345",
									"protocol": "https",
									"host": [
										"api",
										"getpostman",
										"com"
									],
									"path": [
										"collections"
									],
									"query": [
										{
											"key": "workspace",
											"value": "12345"
										}
									]
								}
							},
							"status": "OK",
							"code": 200,
							"_postman_previewlanguage": "json",
							"header": [
								{
									"key": "Content-Type",
									"value": "application/json",
									"description": {
										"content": "",
										"type": "text/plain"
									}
								}
							],
							"cookie": [],
							"body": "{\n    \"collections\": []\n}"
						},
						{
							"name": "Rate Limit Exceeded",
							"originalRequest": {
								"method": "GET",
								"header": [],
								"url": {
									"raw": "https://api.getpostman.com/collections",
									"protocol": "https",
									"host": [
										"api",
										"getpostman",
										"com"
									],
									"path": [
										"collections"
									]
								}
							},
							"status": "Too Many Requests",
							"code": 429,
							"_postman_previewlanguage": "json",
							"header": [
								{
									"key": "X-RateLimit-Limit",
									"value": "60"
								},
								{
									"key": "X-RateLimit-Remaining",
									"value": "59"
								},
								{
									"key": "X-RateLimit-Reset",
									"value": "1631439621"
								},
								{
									"key": "X-RateLimit-RetryAfter",
									"value": "4",
									"description": ""
								},
								{
									"key": "RetryAfter",
									"value": "4",
									"description": ""
								}
							],
							"cookie": [],
							"body": "{\n    \"error\": \"rateLimited\",\n    \"message\": \"Rate limit exceeded. Please retry after 1669048687\"\n}"
						}
					]
				},
				{
					"name": "All Collections - query params",
					"event": [
						{
							"listen": "test",
							"script": {
								"exec": [
									""
								],
								"type": "text/javascript",
								"packages": {}
							}
						}
					],
					"request": {
						"method": "GET",
						"header": [],
						"url": {
							"raw": "https://api.getpostman.com/collections",
							"protocol": "https",
							"host": [
								"api",
								"getpostman",
								"com"
							],
							"path": [
								"collections"
							],
							"query": [
								{
									"key": "name",
									"value": "<string>",
									"description": "Filter results by collections that match the given name.",
									"disabled": true
								},
								{
									"key": "workspace",
									"value": "<string>",
									"description": "A workspace ID.",
									"disabled": true
								},
								{
									"key": "limit",
									"value": "<number>",
									"description": "The maximum number of rows to return in the response.",
									"disabled": true
								},
								{
									"key": "offset",
									"value": "<number>",
									"description": "The zero-based offset of the first item to return.",
									"disabled": true
								}
							]
						},
						"description": "Gets all of your [collections](https://www.getpostman.com/docs/collections). The response includes all of your subscribed collections.\n\n**Note:**\n\nFiltering with the `name` parameter when you also pass the `limit` and `offset` parameters is not supported."
					},
					"response": [
						{
							"name": "Successful Response",
							"originalRequest": {
								"method": "GET",
								"header": [],
								"url": {
									"raw": "https://api.getpostman.com/collections",
									"protocol": "https",
									"host": [
										"api",
										"getpostman",
										"com"
									],
									"path": [
										"collections"
									]
								}
							},
							"status": "OK",
							"code": 200,
							"_postman_previewlanguage": "json",
							"header": [
								{
									"key": "Content-Type",
									"value": "application/json",
									"description": {
										"content": "",
										"type": "text/plain"
									}
								}
							],
							"cookie": [],
							"body": "{\n    \"collections\": [\n        {\n            \"id\": \"dac5eac9-148d-a32e-b76b-3edee9da28f7\",\n            \"name\": \"Cloud API\",\n            \"owner\": \"12345678\",\n            \"createdAt\": \"2022-04-12T10:29:46.000Z\",\n            \"updatedAt\": \"2022-04-12T10:29:56.000Z\",\n            \"uid\": \"12345678-dac5eac9-148d-a32e-b76b-3edee9da28f7\",\n            \"isPublic\": true\n        },\n        {\n            \"id\": \"12ece9e1-2abf-4edc-8e34-de66e74114d2\",\n            \"name\": \"Test Collection\",\n            \"owner\": \"12345678\",\n            \"createdAt\": \"2022-01-13T10:21:46.000Z\",\n            \"updatedAt\": \"2022-02-12T11:29:56.000Z\",\n            \"uid\": \"12345678-12ece9e1-2abf-4edc-8e34-de66e74114d2\",\n            \"isPublic\": false,\n            \"fork\": {\n                \"label\": \"Test Fork\",\n                \"createdAt\": \"2022-06-16T19:51:44.069Z\",\n                \"from\": \"12345678-12ece9e1-2abf-4edc-8e34-de66e74114d2\"\n            }\n        },\n        {\n            \"id\": \"f695cab7-6878-eb55-7943-ad88e1ccfd65\",\n            \"name\": \"Postman Echo\",\n            \"owner\": \"12345678\",\n            \"createdAt\": \"2021-04-11T09:18:26.000Z\",\n            \"updatedAt\": \"2022-05-01T15:29:32.000Z\",\n            \"uid\": \"12345678-f695cab7-6878-eb55-7943-ad88e1ccfd65\",\n            \"isPublic\": true\n        }\n    ]\n}"
						},
						{
							"name": "Filter by name",
							"originalRequest": {
								"method": "GET",
								"header": [],
								"url": {
									"raw": "https://api.getpostman.com/collections?name=Test Collection",
									"protocol": "https",
									"host": [
										"api",
										"getpostman",
										"com"
									],
									"path": [
										"collections"
									],
									"query": [
										{
											"key": "name",
											"value": "Test Collection"
										}
									]
								}
							},
							"status": "OK",
							"code": 200,
							"_postman_previewlanguage": "json",
							"header": [
								{
									"key": "Content-Type",
									"value": "application/json",
									"description": {
										"content": "",
										"type": "text/plain"
									}
								}
							],
							"cookie": [],
							"body": "{\n    \"collections\": [\n        {\n            \"id\": \"12ece9e1-2abf-4edc-8e34-de66e74114d2\",\n            \"name\": \"Test Collection\",\n            \"owner\": \"12345678\",\n            \"createdAt\": \"2022-01-13T10:21:46.000Z\",\n            \"updatedAt\": \"2022-02-12T11:29:56.000Z\",\n            \"uid\": \"12345678-12ece9e1-2abf-4edc-8e34-de66e74114d2\",\n            \"isPublic\": false,\n            \"fork\": {\n                \"label\": \"Test Fork\",\n                \"createdAt\": \"2022-06-16T19:51:44.069Z\",\n                \"from\": \"12345678-12ece9e1-2abf-4edc-8e34-de66e74114d2\"\n            }\n        }\n    ]\n}"
						},
						{
							"name": "Filter by Workspace",
							"originalRequest": {
								"method": "GET",
								"header": [],
								"url": {
									"raw": "https://api.getpostman.com/collections?workspace=1f0df51a-8658-4ee8-a2a1-d2567dfa09a9",
									"protocol": "https",
									"host": [
										"api",
										"getpostman",
										"com"
									],
									"path": [
										"collections"
									],
									"query": [
										{
											"key": "workspace",
											"value": "1f0df51a-8658-4ee8-a2a1-d2567dfa09a9"
										}
									]
								}
							},
							"status": "OK",
							"code": 200,
							"_postman_previewlanguage": "json",
							"header": [
								{
									"key": "Content-Type",
									"value": "application/json",
									"description": {
										"content": "",
										"type": "text/plain"
									}
								}
							],
							"cookie": [],
							"body": "{\n    \"collections\": [\n        {\n            \"id\": \"dac5eac9-148d-a32e-b76b-3edee9da28f7\",\n            \"name\": \"Cloud API\",\n            \"owner\": \"12345678\",\n            \"createdAt\": \"2022-04-12T10:29:46.000Z\",\n            \"updatedAt\": \"2022-04-12T10:29:56.000Z\",\n            \"uid\": \"12345678-dac5eac9-148d-a32e-b76b-3edee9da28f7\",\n            \"isPublic\": true\n        }\n    ]\n}"
						},
						{
							"name": "Response with Pagination",
							"originalRequest": {
								"method": "GET",
								"header": [],
								"url": {
									"raw": "https://api.getpostman.com/collections?limit=3&offset=0",
									"protocol": "https",
									"host": [
										"api",
										"getpostman",
										"com"
									],
									"path": [
										"collections"
									],
									"query": [
										{
											"key": "limit",
											"value": "3"
										},
										{
											"key": "offset",
											"value": "0"
										}
									]
								}
							},
							"status": "OK",
							"code": 200,
							"_postman_previewlanguage": "json",
							"header": [
								{
									"key": "Content-Type",
									"value": "application/json",
									"description": {
										"content": "",
										"type": "text/plain"
									}
								}
							],
							"cookie": [],
							"body": "{\n    \"collections\": [\n        {\n            \"id\": \"dac5eac9-148d-a32e-b76b-3edee9da28f7\",\n            \"name\": \"Cloud API\",\n            \"owner\": \"12345678\",\n            \"createdAt\": \"2022-04-12T10:29:46.000Z\",\n            \"updatedAt\": \"2022-04-12T10:29:56.000Z\",\n            \"uid\": \"12345678-dac5eac9-148d-a32e-b76b-3edee9da28f7\",\n            \"isPublic\": true\n        },\n        {\n            \"id\": \"12ece9e1-2abf-4edc-8e34-de66e74114d2\",\n            \"name\": \"Test Collection\",\n            \"owner\": \"12345678\",\n            \"createdAt\": \"2022-01-13T10:21:46.000Z\",\n            \"updatedAt\": \"2022-02-12T11:29:56.000Z\",\n            \"uid\": \"12345678-12ece9e1-2abf-4edc-8e34-de66e74114d2\",\n            \"isPublic\": false,\n            \"fork\": {\n                \"label\": \"Test Fork\",\n                \"createdAt\": \"2022-06-16T19:51:44.069Z\",\n                \"from\": \"12345678-12ece9e1-2abf-4edc-8e34-de66e74114d2\"\n            }\n        },\n        {\n            \"id\": \"f695cab7-6878-eb55-7943-ad88e1ccfd65\",\n            \"name\": \"Postman Echo\",\n            \"owner\": \"12345678\",\n            \"createdAt\": \"2021-04-11T09:18:26.000Z\",\n            \"updatedAt\": \"2022-05-01T15:29:32.000Z\",\n            \"uid\": \"12345678-f695cab7-6878-eb55-7943-ad88e1ccfd65\",\n            \"isPublic\": true\n        }\n    ],\n    \"meta\": {\n        \"total\": 30,\n        \"offset\": 0,\n        \"limit\": 3\n    }\n}"
						},
						{
							"name": "Invalid Workspace",
							"originalRequest": {
								"method": "GET",
								"header": [],
								"url": {
									"raw": "https://api.getpostman.com/collections?workspace=12345",
									"protocol": "https",
									"host": [
										"api",
										"getpostman",
										"com"
									],
									"path": [
										"collections"
									],
									"query": [
										{
											"key": "workspace",
											"value": "12345"
										}
									]
								}
							},
							"status": "OK",
							"code": 200,
							"_postman_previewlanguage": "json",
							"header": [
								{
									"key": "Content-Type",
									"value": "application/json",
									"description": {
										"content": "",
										"type": "text/plain"
									}
								}
							],
							"cookie": [],
							"body": "{\n    \"collections\": []\n}"
						},
						{
							"name": "Rate Limit Exceeded",
							"originalRequest": {
								"method": "GET",
								"header": [],
								"url": {
									"raw": "https://api.getpostman.com/collections",
									"protocol": "https",
									"host": [
										"api",
										"getpostman",
										"com"
									],
									"path": [
										"collections"
									]
								}
							},
							"status": "Too Many Requests",
							"code": 429,
							"_postman_previewlanguage": "json",
							"header": [
								{
									"key": "X-RateLimit-Limit",
									"value": "60"
								},
								{
									"key": "X-RateLimit-Remaining",
									"value": "59"
								},
								{
									"key": "X-RateLimit-Reset",
									"value": "1631439621"
								},
								{
									"key": "X-RateLimit-RetryAfter",
									"value": "4",
									"description": ""
								},
								{
									"key": "RetryAfter",
									"value": "4",
									"description": ""
								}
							],
							"cookie": [],
							"body": "{\n    \"error\": \"rateLimited\",\n    \"message\": \"Rate limit exceeded. Please retry after 1669048687\"\n}"
						}
					]
				},
				{
					"name": "All Collections - auth helper",
					"event": [
						{
							"listen": "test",
							"script": {
								"exec": [
									""
								],
								"type": "text/javascript",
								"packages": {}
							}
						}
					],
					"request": {
						"method": "GET",
						"header": [
							{
								"key": "x-api-key",
								"value": "{{vault:postman_api_key}}",
								"type": "text"
							}
						],
						"url": {
							"raw": "https://api.getpostman.com/collections",
							"protocol": "https",
							"host": [
								"api",
								"getpostman",
								"com"
							],
							"path": [
								"collections"
							],
							"query": [
								{
									"key": "name",
									"value": "<string>",
									"description": "Filter results by collections that match the given name.",
									"disabled": true
								},
								{
									"key": "workspace",
									"value": "<string>",
									"description": "A workspace ID.",
									"disabled": true
								},
								{
									"key": "limit",
									"value": "<number>",
									"description": "The maximum number of rows to return in the response.",
									"disabled": true
								},
								{
									"key": "offset",
									"value": "<number>",
									"description": "The zero-based offset of the first item to return.",
									"disabled": true
								}
							]
						},
						"description": "Gets all of your [collections](https://www.getpostman.com/docs/collections). The response includes all of your subscribed collections.\n\n**Note:**\n\nFiltering with the `name` parameter when you also pass the `limit` and `offset` parameters is not supported."
					},
					"response": [
						{
							"name": "Successful Response",
							"originalRequest": {
								"method": "GET",
								"header": [],
								"url": {
									"raw": "https://api.getpostman.com/collections",
									"protocol": "https",
									"host": [
										"api",
										"getpostman",
										"com"
									],
									"path": [
										"collections"
									]
								}
							},
							"status": "OK",
							"code": 200,
							"_postman_previewlanguage": "json",
							"header": [
								{
									"key": "Content-Type",
									"value": "application/json",
									"description": {
										"content": "",
										"type": "text/plain"
									}
								}
							],
							"cookie": [],
							"body": "{\n    \"collections\": [\n        {\n            \"id\": \"dac5eac9-148d-a32e-b76b-3edee9da28f7\",\n            \"name\": \"Cloud API\",\n            \"owner\": \"12345678\",\n            \"createdAt\": \"2022-04-12T10:29:46.000Z\",\n            \"updatedAt\": \"2022-04-12T10:29:56.000Z\",\n            \"uid\": \"12345678-dac5eac9-148d-a32e-b76b-3edee9da28f7\",\n            \"isPublic\": true\n        },\n        {\n            \"id\": \"12ece9e1-2abf-4edc-8e34-de66e74114d2\",\n            \"name\": \"Test Collection\",\n            \"owner\": \"12345678\",\n            \"createdAt\": \"2022-01-13T10:21:46.000Z\",\n            \"updatedAt\": \"2022-02-12T11:29:56.000Z\",\n            \"uid\": \"12345678-12ece9e1-2abf-4edc-8e34-de66e74114d2\",\n            \"isPublic\": false,\n            \"fork\": {\n                \"label\": \"Test Fork\",\n                \"createdAt\": \"2022-06-16T19:51:44.069Z\",\n                \"from\": \"12345678-12ece9e1-2abf-4edc-8e34-de66e74114d2\"\n            }\n        },\n        {\n            \"id\": \"f695cab7-6878-eb55-7943-ad88e1ccfd65\",\n            \"name\": \"Postman Echo\",\n            \"owner\": \"12345678\",\n            \"createdAt\": \"2021-04-11T09:18:26.000Z\",\n            \"updatedAt\": \"2022-05-01T15:29:32.000Z\",\n            \"uid\": \"12345678-f695cab7-6878-eb55-7943-ad88e1ccfd65\",\n            \"isPublic\": true\n        }\n    ]\n}"
						},
						{
							"name": "Filter by name",
							"originalRequest": {
								"method": "GET",
								"header": [],
								"url": {
									"raw": "https://api.getpostman.com/collections?name=Test Collection",
									"protocol": "https",
									"host": [
										"api",
										"getpostman",
										"com"
									],
									"path": [
										"collections"
									],
									"query": [
										{
											"key": "name",
											"value": "Test Collection"
										}
									]
								}
							},
							"status": "OK",
							"code": 200,
							"_postman_previewlanguage": "json",
							"header": [
								{
									"key": "Content-Type",
									"value": "application/json",
									"description": {
										"content": "",
										"type": "text/plain"
									}
								}
							],
							"cookie": [],
							"body": "{\n    \"collections\": [\n        {\n            \"id\": \"12ece9e1-2abf-4edc-8e34-de66e74114d2\",\n            \"name\": \"Test Collection\",\n            \"owner\": \"12345678\",\n            \"createdAt\": \"2022-01-13T10:21:46.000Z\",\n            \"updatedAt\": \"2022-02-12T11:29:56.000Z\",\n            \"uid\": \"12345678-12ece9e1-2abf-4edc-8e34-de66e74114d2\",\n            \"isPublic\": false,\n            \"fork\": {\n                \"label\": \"Test Fork\",\n                \"createdAt\": \"2022-06-16T19:51:44.069Z\",\n                \"from\": \"12345678-12ece9e1-2abf-4edc-8e34-de66e74114d2\"\n            }\n        }\n    ]\n}"
						},
						{
							"name": "Filter by Workspace",
							"originalRequest": {
								"method": "GET",
								"header": [],
								"url": {
									"raw": "https://api.getpostman.com/collections?workspace=1f0df51a-8658-4ee8-a2a1-d2567dfa09a9",
									"protocol": "https",
									"host": [
										"api",
										"getpostman",
										"com"
									],
									"path": [
										"collections"
									],
									"query": [
										{
											"key": "workspace",
											"value": "1f0df51a-8658-4ee8-a2a1-d2567dfa09a9"
										}
									]
								}
							},
							"status": "OK",
							"code": 200,
							"_postman_previewlanguage": "json",
							"header": [
								{
									"key": "Content-Type",
									"value": "application/json",
									"description": {
										"content": "",
										"type": "text/plain"
									}
								}
							],
							"cookie": [],
							"body": "{\n    \"collections\": [\n        {\n            \"id\": \"dac5eac9-148d-a32e-b76b-3edee9da28f7\",\n            \"name\": \"Cloud API\",\n            \"owner\": \"12345678\",\n            \"createdAt\": \"2022-04-12T10:29:46.000Z\",\n            \"updatedAt\": \"2022-04-12T10:29:56.000Z\",\n            \"uid\": \"12345678-dac5eac9-148d-a32e-b76b-3edee9da28f7\",\n            \"isPublic\": true\n        }\n    ]\n}"
						},
						{
							"name": "Response with Pagination",
							"originalRequest": {
								"method": "GET",
								"header": [],
								"url": {
									"raw": "https://api.getpostman.com/collections?limit=3&offset=0",
									"protocol": "https",
									"host": [
										"api",
										"getpostman",
										"com"
									],
									"path": [
										"collections"
									],
									"query": [
										{
											"key": "limit",
											"value": "3"
										},
										{
											"key": "offset",
											"value": "0"
										}
									]
								}
							},
							"status": "OK",
							"code": 200,
							"_postman_previewlanguage": "json",
							"header": [
								{
									"key": "Content-Type",
									"value": "application/json",
									"description": {
										"content": "",
										"type": "text/plain"
									}
								}
							],
							"cookie": [],
							"body": "{\n    \"collections\": [\n        {\n            \"id\": \"dac5eac9-148d-a32e-b76b-3edee9da28f7\",\n            \"name\": \"Cloud API\",\n            \"owner\": \"12345678\",\n            \"createdAt\": \"2022-04-12T10:29:46.000Z\",\n            \"updatedAt\": \"2022-04-12T10:29:56.000Z\",\n            \"uid\": \"12345678-dac5eac9-148d-a32e-b76b-3edee9da28f7\",\n            \"isPublic\": true\n        },\n        {\n            \"id\": \"12ece9e1-2abf-4edc-8e34-de66e74114d2\",\n            \"name\": \"Test Collection\",\n            \"owner\": \"12345678\",\n            \"createdAt\": \"2022-01-13T10:21:46.000Z\",\n            \"updatedAt\": \"2022-02-12T11:29:56.000Z\",\n            \"uid\": \"12345678-12ece9e1-2abf-4edc-8e34-de66e74114d2\",\n            \"isPublic\": false,\n            \"fork\": {\n                \"label\": \"Test Fork\",\n                \"createdAt\": \"2022-06-16T19:51:44.069Z\",\n                \"from\": \"12345678-12ece9e1-2abf-4edc-8e34-de66e74114d2\"\n            }\n        },\n        {\n            \"id\": \"f695cab7-6878-eb55-7943-ad88e1ccfd65\",\n            \"name\": \"Postman Echo\",\n            \"owner\": \"12345678\",\n            \"createdAt\": \"2021-04-11T09:18:26.000Z\",\n            \"updatedAt\": \"2022-05-01T15:29:32.000Z\",\n            \"uid\": \"12345678-f695cab7-6878-eb55-7943-ad88e1ccfd65\",\n            \"isPublic\": true\n        }\n    ],\n    \"meta\": {\n        \"total\": 30,\n        \"offset\": 0,\n        \"limit\": 3\n    }\n}"
						},
						{
							"name": "Invalid Workspace",
							"originalRequest": {
								"method": "GET",
								"header": [],
								"url": {
									"raw": "https://api.getpostman.com/collections?workspace=12345",
									"protocol": "https",
									"host": [
										"api",
										"getpostman",
										"com"
									],
									"path": [
										"collections"
									],
									"query": [
										{
											"key": "workspace",
											"value": "12345"
										}
									]
								}
							},
							"status": "OK",
							"code": 200,
							"_postman_previewlanguage": "json",
							"header": [
								{
									"key": "Content-Type",
									"value": "application/json",
									"description": {
										"content": "",
										"type": "text/plain"
									}
								}
							],
							"cookie": [],
							"body": "{\n    \"collections\": []\n}"
						},
						{
							"name": "Rate Limit Exceeded",
							"originalRequest": {
								"method": "GET",
								"header": [],
								"url": {
									"raw": "https://api.getpostman.com/collections",
									"protocol": "https",
									"host": [
										"api",
										"getpostman",
										"com"
									],
									"path": [
										"collections"
									]
								}
							},
							"status": "Too Many Requests",
							"code": 429,
							"_postman_previewlanguage": "json",
							"header": [
								{
									"key": "X-RateLimit-Limit",
									"value": "60"
								},
								{
									"key": "X-RateLimit-Remaining",
									"value": "59"
								},
								{
									"key": "X-RateLimit-Reset",
									"value": "1631439621"
								},
								{
									"key": "X-RateLimit-RetryAfter",
									"value": "4",
									"description": ""
								},
								{
									"key": "RetryAfter",
									"value": "4",
									"description": ""
								}
							],
							"cookie": [],
							"body": "{\n    \"error\": \"rateLimited\",\n    \"message\": \"Rate limit exceeded. Please retry after 1669048687\"\n}"
						}
					]
				}
			],
			"description": "It's time to work on your next challenge.\n\nThe [Postman API](https://learning.postman.com/docs/developer/intro-api/) lets you programmatically access data stored in your Postman account. This API requires an API key to tell the API server that a request it receives is from you and that you are allowed access to the data. Take a look at the documentation and browse the collection.\n\n1. **Add a request**: Fork the [Postman API collection](https://www.postman.com/postman/workspace/postman-public-workspace/collection/12959542-c8142d51-e97c-46b6-bd77-52bb66712c9a?ctx=documentation) to your public workspace in the same way you forked today's challenge. Then find a request to get all of your collections. Duplicate it, and drag the copy over to this folder `Authorization`. Rename the request `All Collections - header`.\n    \n2. **Add a header**: In the collection documentation, we see there are two ways to authorize this particular request. Let's start with adding an authorization header. Under the **Headers** tab, add a key `x-api-key` with the value `{{vault:postman_api_key}}`. Hover over the variable to make sure Postman is reading in the correct value from the _Postman Vault_. If the Postman API key is not already added to your _Postman Vault_, do that now. **Send** to make sure you receive a 200 status code, and then **Save** your changes.\n    \n3. **Add a query parameter**: Duplicate the request, and rename the request `All Collections - query params`. In this new request, delete the header you added in the previous request. Again, following the instructions in the collection documentation for this particular API, go to the **Params** tab. Add a key `apikey` with a value `{{vault:postman_api_key}}`. **Send** to make sure you receive a 200 status code, and then **Save** your changes.\n    \n4. **Add an auth helper**: Instead of manually adding a header or params, let's use one of the authorization helpers provided by Postman. Duplicate the last request, and rename the request `All Collections - auth helper`. Delete the key-value pair under the **Params** tab. Under the **Authorization** tab, select `API key` type from the dropdown. Add `x-api-key` and `{{vault:postman_api_key}}` to be added as a header. **Send** to make sure you receive a 200 status code, and then save your changes. Look under **Headers** to see the header that Postman auto-generated from the auth helper.\n    \n5. **Add collection-level auth**: Since all of the requests in this collection require the same authorization method, let's add a collection-level authorization helper. For each of these three requests, **delete** the added header, **delete** the params, and **update** the Auth type to `Inherit auth from parent`. The parent of this request is the folder or collection that contains these requests. Select the `Day 04: Authorization` collection, and add the `API key` auth helper under the `Authorization` tab like you did in the previous step. **Send** at least one of the requests to make sure you receive a 200 status code, and then save all of your changes.\n    \n\nThere's a number of ways API servers can require authorization. Take a look at the other [auth helpers](https://learning.postman.com/docs/sending-requests/authorization/) available in Postman.\n\nPostman can capture cookies for a browser or client application using the [Postman proxy](https://learning.postman.com/docs/sending-requests/capturing-request-data/capturing-http-requests/) or [Postman Interceptor](https://learning.postman.com/docs/sending-requests/capturing-request-data/interceptor/). You can't sync cookies with the Postman web app. Make sure you've installed the Postman desktop app. Take a look at the additional resources and try syncing cookies on your own.\n\nOnce you complete these steps, move on to the next folder in this collection to submit your solution. Follow the instructions in the request documentation."
		},
		{
			"name": "Submit your solution",
			"item": [
				{
					"name": "submit collection",
					"event": [
						{
							"listen": "test",
							"script": {
								"exec": [
									"// counter for passed tests",
									"let pass = 0",
									"let totalToPass = 5",
									"",
									"let collection = pm.response.json().collection",
									"",
									"pm.test(\"If you have any failures, review the failed test results or ask for support in the community forum. Remember to save your changes if you update the collection. When all of your tests pass, you are done with today's challenge.\", () => {",
									"    pm.expect(true);",
									"    pass += 1",
									"});",
									"",
									"pm.test(\"Status code is 200\", () => {",
									"    pm.response.to.have.status(200);",
									"    pass += 1",
									"});",
									"",
									"pm.test(\"Correct collection returned\", () => {",
									"    pm.expect(collection.info.name).equals(\"Day 04: Authorization\")",
									"    pass += 1",
									"})",
									"",
									"let folder = collection.item.find(fol => {return fol.name === \"Authorization\"})",
									"",
									"pm.test(\"Requests added correctly\", () => {",
									"    pm.expect(collection.item[0].item.length, 'check number the of requests').equals(3)",
									"",
									"    let headerRequest = collection.item[0].item.find(req => { return req.name === \"All Collections - header\"})",
									"    let queryRequest = collection.item[0].item.find(req => { return req.name === \"All Collections - query params\"})",
									"    let authRequest = collection.item[0].item.find(req => { return req.name === \"All Collections - auth helper\"})",
									"    pm.expect(headerRequest.name, 'check the header request name').equals(\"All Collections - header\")",
									"    pm.expect(queryRequest.name, 'check the query param request name').equals(\"All Collections - query params\")",
									"    pm.expect(authRequest.name, 'check the auth helper request name').equals(\"All Collections - auth helper\")",
									"",
									"    pass += 1",
									"})",
									"",
									"pm.test(\"Auth added correctly\", () => {",
									"    pm.expect(collection.auth.type, 'check the collection auth type').equals(\"apikey\")",
									"    pm.expect(collection.auth.apikey[0].value, 'check the api key').contains.oneOf([\"X-api-key\", \"{{vault:postman_api_key}}\"])",
									"",
									"    pass += 1",
									"})",
									"",
									"// visualization for test results",
									"let template",
									"if (pass == totalToPass) {",
									"    template = `🍪 passing!",
									"        <br />",
									"        <img src=\"https://media2.giphy.com/media/dudcZA9e14HIY/giphy.gif?cid=ecf05e47uvc5i15fc8a33uuwpv5ymtmgqj2g8p2lp5nc6xke&rid=giphy.gif&ct=g\" />",
									"    `",
									"} else {",
									"    template = `🙅 please try again",
									"        <br />",
									"        <img src=\"https://media3.giphy.com/media/ZQvBOPZCn0LfO/giphy.gif?cid=ecf05e473v2u4e51l0p7rd6pvxim8kqrbu6yqioz36uyngp4&rid=giphy.gif&ct=g\" />",
									"    `",
									"}",
									"pm.visualizer.set(template)"
								],
								"type": "text/javascript",
								"packages": {}
							}
						},
						{
							"listen": "prerequest",
							"script": {
								"exec": [
									""
								],
								"type": "text/javascript",
								"packages": {}
							}
						}
					],
					"request": {
						"method": "GET",
						"header": [
							{
								"key": "x-api-key",
								"value": "{{vault:postman_api_key}}"
							}
						],
						"url": {
							"raw": "https://api.getpostman.com/collections/29142931-29c47067-87e6-4c92-8acf-aec1afea5ee7",
							"protocol": "https",
							"host": [
								"api",
								"getpostman",
								"com"
							],
							"path": [
								"collections",
								"29142931-29c47067-87e6-4c92-8acf-aec1afea5ee7"
							]
						},
						"description": "It's time to check your collection.\n\n1. **Get the collection ID:** Select the collection in the sidebar. Then in the context bar to the right, select the `Info` icon and copy the collection `ID`.\n    \n2. **Update the request URL:** Update the `collection_uid` in the request URL with the collection `ID` from the previous step, using any method you prefer.\n    \n3. **Get your Postman API Key**: Create a new [Postman API Key](https://go.postman.co/settings/me/api-keys) and then open _Postman Vault_ (Accessed via the bottom right menu bar). Create a new _Postman Vault_ variable called `postman_api_key` and add your Postman API Key as the Value.  \n    Once the changes are saved, Postman will use the _Postman Vault_ variable to authorize your request as shown under the **Headers** tab of the request.\n    \n4. **Validate your solution**: Hit **Send** and look under the **Test Results** tab of the server response at the bottom to review your test results.\n    \n\nIf you have any failures, [review the failed test results](https://youtu.be/S3GKLTVRtmE) or ask for support in the [community forum](https://community.postman.com/). When all of your tests pass, you are done with today's challenge."
					},
					"response": []
				}
			],
			"description": "Follow the instructions in the request documentation."
		}
	],
	"auth": {
		"type": "apikey",
		"apikey": [
			{
				"key": "value",
				"value": "{{vault:postman_api_key}}",
				"type": "string"
			},
			{
				"key": "key",
				"value": "x-api-key",
				"type": "string"
			}
		]
	},
	"event": [
		{
			"listen": "prerequest",
			"script": {
				"type": "text/javascript",
				"exec": [
					""
				]
			}
		},
		{
			"listen": "test",
			"script": {
				"type": "text/javascript",
				"exec": [
					""
				]
			}
		}
	]
}