{
	"info": {
		"_postman_id": "9d2c4fa3-2f06-4dc1-9242-0460c98ba1fe",
		"name": "The Good Bank APIs",
		"schema": "https://schema.getpostman.com/json/collection/v2.1.0/collection.json",
		"_exporter_id": "29142931",
		"_collection_link": "https://www.postman.com/dtg111/workspace/esmanur-workspace/collection/29142931-9d2c4fa3-2f06-4dc1-9242-0460c98ba1fe?action=share&source=collection_link&creator=29142931"
	},
	"item": [
		{
			"name": "/",
			"item": [
				{
					"name": "Ping",
					"request": {
						"method": "GET",
						"header": [],
						"url": {
							"raw": "{{baseUrl}}/",
							"host": [
								"{{baseUrl}}"
							],
							"path": [
								""
							]
						}
					},
					"response": []
				}
			]
		},
		{
			"name": "user",
			"item": [
				{
					"name": "change-password",
					"item": [
						{
							"name": "User Change Password",
							"request": {
								"method": "POST",
								"header": [
									{
										"key": "Content-Type",
										"value": "application/json"
									}
								],
								"body": {
									"mode": "raw",
									"raw": "{}",
									"options": {
										"raw": {
											"headerFamily": "json",
											"language": "json"
										}
									}
								},
								"url": {
									"raw": "{{baseUrl}}/user/change-password",
									"host": [
										"{{baseUrl}}"
									],
									"path": [
										"user",
										"change-password"
									]
								},
								"description": "This API is used to update the user password. The user must be authenticated and must remember the current password to update."
							},
							"response": []
						}
					]
				},
				{
					"name": "logout",
					"item": [
						{
							"name": "User Logout",
							"request": {
								"auth": {
									"type": "apikey",
									"apikey": [
										{
											"key": "key",
											"value": "X-API-key",
											"type": "string"
										},
										{
											"key": "value",
											"value": "{{apiKey}}",
											"type": "string"
										},
										{
											"key": "in",
											"value": "header",
											"type": "string"
										}
									]
								},
								"method": "GET",
								"header": [],
								"url": {
									"raw": "{{baseUrl}}/user/logout",
									"host": [
										"{{baseUrl}}"
									],
									"path": [
										"user",
										"logout"
									]
								},
								"description": "This API revokes an active user session."
							},
							"response": []
						}
					]
				},
				{
					"name": "login",
					"item": [
						{
							"name": "User Login",
							"request": {
								"method": "POST",
								"header": [
									{
										"key": "Content-Type",
										"value": "application/json"
									}
								],
								"body": {
									"mode": "raw",
									"raw": "{}",
									"options": {
										"raw": {
											"headerFamily": "json",
											"language": "json"
										}
									}
								},
								"url": {
									"raw": "{{baseUrl}}/user/login",
									"host": [
										"{{baseUrl}}"
									],
									"path": [
										"user",
										"login"
									]
								}
							},
							"response": []
						}
					]
				},
				{
					"name": "Update User Information",
					"request": {
						"auth": {
							"type": "apikey",
							"apikey": [
								{
									"key": "key",
									"value": "X-API-key",
									"type": "string"
								},
								{
									"key": "value",
									"value": "{{apiKey}}",
									"type": "string"
								},
								{
									"key": "in",
									"value": "header",
									"type": "string"
								}
							]
						},
						"method": "PUT",
						"header": [
							{
								"key": "Content-Type",
								"value": "application/json"
							}
						],
						"body": {
							"mode": "raw",
							"raw": "{}",
							"options": {
								"raw": {
									"headerFamily": "json",
									"language": "json"
								}
							}
						},
						"url": {
							"raw": "{{baseUrl}}/user",
							"host": [
								"{{baseUrl}}"
							],
							"path": [
								"user"
							]
						},
						"description": "Authenticated users can update their user information."
					},
					"response": []
				},
				{
					"name": "Create User",
					"request": {
						"method": "POST",
						"header": [
							{
								"key": "Content-Type",
								"value": "application/json"
							}
						],
						"body": {
							"mode": "raw",
							"raw": "{}",
							"options": {
								"raw": {
									"headerFamily": "json",
									"language": "json"
								}
							}
						},
						"url": {
							"raw": "{{baseUrl}}/user",
							"host": [
								"{{baseUrl}}"
							],
							"path": [
								"user"
							]
						},
						"description": "Register a new user with The Good Bank. The username must be unique."
					},
					"response": []
				}
			]
		},
		{
			"name": "account",
			"item": [
				{
					"name": "{user_id}",
					"item": [
						{
							"name": "summary",
							"item": [
								{
									"name": "Account summary",
									"request": {
										"method": "GET",
										"header": [],
										"url": {
											"raw": "{{baseUrl}}/account/:user_id/summary",
											"host": [
												"{{baseUrl}}"
											],
											"path": [
												"account",
												":user_id",
												"summary"
											],
											"variable": [
												{
													"key": "user_id",
													"value": "<string>",
													"description": "(Required) "
												}
											]
										},
										"description": "Fetch account summary for a single user."
									},
									"response": []
								}
							]
						}
					]
				},
				{
					"name": "transactions",
					"item": [
						{
							"name": "Account transactions",
							"request": {
								"auth": {
									"type": "apikey",
									"apikey": [
										{
											"key": "key",
											"value": "X-API-key",
											"type": "string"
										},
										{
											"key": "value",
											"value": "{{apiKey}}",
											"type": "string"
										},
										{
											"key": "in",
											"value": "header",
											"type": "string"
										}
									]
								},
								"method": "GET",
								"header": [],
								"url": {
									"raw": "{{baseUrl}}/account/transactions?limit=<integer>&filter=<string>",
									"host": [
										"{{baseUrl}}"
									],
									"path": [
										"account",
										"transactions"
									],
									"query": [
										{
											"key": "limit",
											"value": "<integer>",
											"description": "number of transactions to display"
										},
										{
											"key": "filter",
											"value": "<string>",
											"description": "Search string to filter on transaction party"
										}
									]
								},
								"description": "Fetch transactions for a single account."
							},
							"response": []
						}
					]
				}
			]
		},
		{
			"name": "people",
			"item": [
				{
					"name": "customers",
					"item": [
						{
							"name": "Our customers",
							"request": {
								"auth": {
									"type": "apikey",
									"apikey": [
										{
											"key": "key",
											"value": "X-API-key",
											"type": "string"
										},
										{
											"key": "value",
											"value": "{{apiKey}}",
											"type": "string"
										},
										{
											"key": "in",
											"value": "header",
											"type": "string"
										}
									]
								},
								"method": "GET",
								"header": [],
								"url": {
									"raw": "{{baseUrl}}/people/customers",
									"host": [
										"{{baseUrl}}"
									],
									"path": [
										"people",
										"customers"
									]
								}
							},
							"response": []
						}
					]
				}
			]
		},
		{
			"name": "admin",
			"item": [
				{
					"name": "credit",
					"item": [
						{
							"name": "Credit amount",
							"request": {
								"auth": {
									"type": "apikey",
									"apikey": [
										{
											"key": "key",
											"value": "X-API-key",
											"type": "string"
										},
										{
											"key": "value",
											"value": "{{apiKey}}",
											"type": "string"
										},
										{
											"key": "in",
											"value": "header",
											"type": "string"
										}
									]
								},
								"method": "POST",
								"header": [
									{
										"key": "Content-Type",
										"value": "application/json"
									}
								],
								"body": {
									"mode": "raw",
									"raw": "{}",
									"options": {
										"raw": {
											"headerFamily": "json",
											"language": "json"
										}
									}
								},
								"url": {
									"raw": "{{baseUrl}}/admin/credit",
									"host": [
										"{{baseUrl}}"
									],
									"path": [
										"admin",
										"credit"
									]
								},
								"description": "To be used by the bank tellers to cash checks, receive deposits, savings account transactions among other things."
							},
							"response": []
						}
					]
				},
				{
					"name": "debit",
					"item": [
						{
							"name": "Debit amount",
							"request": {
								"auth": {
									"type": "apikey",
									"apikey": [
										{
											"key": "key",
											"value": "X-API-key",
											"type": "string"
										},
										{
											"key": "value",
											"value": "{{apiKey}}",
											"type": "string"
										},
										{
											"key": "in",
											"value": "header",
											"type": "string"
										}
									]
								},
								"method": "POST",
								"header": [
									{
										"key": "Content-Type",
										"value": "application/json"
									}
								],
								"body": {
									"mode": "raw",
									"raw": "{}",
									"options": {
										"raw": {
											"headerFamily": "json",
											"language": "json"
										}
									}
								},
								"url": {
									"raw": "{{baseUrl}}/admin/debit",
									"host": [
										"{{baseUrl}}"
									],
									"path": [
										"admin",
										"debit"
									]
								},
								"description": "To be used by the bank tellers to cash checks, receive deposits, savings account transactions among other things."
							},
							"response": []
						}
					]
				}
			]
		}
	],
	"variable": [
		{
			"key": "baseUrl",
			"value": "http://security.postman-breakable.com"
		},
		{
			"key": "user_id",
			"value": ""
		}
	]
}